Header1,Header2,Header3,Header4,Header5
aaaaaaa,bbbbbbb,ccccccc,ddddddd,eeeeeee
aaaaaaa,bbbbbbb,ccccccc,ddddddd,eeeeeee
aaaaaaa,bbbbbbb,ccccccc,ddddddd,eeeeeee
aaaaaaa,bbbbbbb,ccccccc,ddddddd,eeeeeee
aaaaaaa,bbbbbbb,ccccccc,ddddddd,eeeeeee
aaaaaaa,bbbbbbb,ccccccc,ddddddd,eeeeeee
aaaaaaa,bbbbbbb,ccccccc,ddddddd,eeeeeee
aaaaaaa,bbbbbbb,ccccccc,ddddddd,eeeeeee
aaaaaaa,bbbbbbb,ccccccc,ddddddd,eeeeeee
aaaaaaa,bbbbbbb,ccccccc,ddddddd,eeeeeee
aaaaaaa,bbbbbbb,ccccccc,ddddddd,eeeeeee
aaaaaaa,bbbbbbb,ccccccc,ddddddd,eeeeeee
aaaaaaa,bbbbbbb,ccccccc,ddddddd,eeeeeee
aaaaaaa,bbbbbbb,ccccccc,ddddddd,eeeeeee